"filename", "language", "C++", "comment", "blank", "total"
"c:\Users\HP\Developement\IOI-Practise\C++_Practise\CodeForces\Candies.cpp", "C++", 17, 0, 7, 24
"c:\Users\HP\Developement\IOI-Practise\C++_Practise\CodeForces\Cashier.cpp", "C++", 7, 0, 8, 15
"c:\Users\HP\Developement\IOI-Practise\C++_Practise\CodeForces\ReverseAnArray.cpp", "C++", 14, 0, 5, 19
"c:\Users\HP\Developement\IOI-Practise\C++_Practise\CodeForces\Round1102_Div2\EuclidSequenceTwoNumbers.cpp", "C++", 32, 0, 11, 43
"c:\Users\HP\Developement\IOI-Practise\C++_Practise\CodeForces\Round1102_Div2\PalindromeTwelveAndTwoTermes.cpp", "C++", 31, 0, 14, 45
"c:\Users\HP\Developement\IOI-Practise\C++_Practise\CodeForces\Round1103_Div3\GamesOnTheTrain.cpp", "C++", 17, 0, 7, 24
"c:\Users\HP\Developement\IOI-Practise\C++_Practise\CodeForces\Round1103_Div3\OmskProgrammers.cpp", "C++", 32, 1, 7, 40
"c:\Users\HP\Developement\IOI-Practise\C++_Practise\CodeForces\Round1103_Div3\TatarTVShow.cpp", "C++", 29, 0, 7, 36
"c:\Users\HP\Developement\IOI-Practise\C++_Practise\JuniorSheet\BlackSquare.cpp", "C++", 16, 2, 11, 29
"c:\Users\HP\Developement\IOI-Practise\C++_Practise\JuniorSheet\BuyAShovel.cpp", "C++", 13, 0, 7, 20
"c:\Users\HP\Developement\IOI-Practise\C++_Practise\JuniorSheet\ColorfulStones.cpp", "C++", 16, 0, 7, 23
"c:\Users\HP\Developement\IOI-Practise\C++_Practise\JuniorSheet\CypherShifer.cpp", "C++", 9, 0, 3, 12
"c:\Users\HP\Developement\IOI-Practise\C++_Practise\JuniorSheet\DieRoll.cpp", "C++", 10, 0, 8, 18
"c:\Users\HP\Developement\IOI-Practise\C++_Practise\JuniorSheet\FreeIceCream.cpp", "C++", 24, 0, 4, 28
"c:\Users\HP\Developement\IOI-Practise\C++_Practise\JuniorSheet\Games.cpp", "C++", 22, 0, 8, 30
"c:\Users\HP\Developement\IOI-Practise\C++_Practise\JuniorSheet\HelpfulMaths.cpp", "C++", 22, 0, 7, 29
"c:\Users\HP\Developement\IOI-Practise\C++_Practise\JuniorSheet\Horseshoe.cpp", "C++", 13, 0, 6, 19
"c:\Users\HP\Developement\IOI-Practise\C++_Practise\JuniorSheet\Magnets.cpp", "C++", 18, 0, 8, 26
"c:\Users\HP\Developement\IOI-Practise\C++_Practise\JuniorSheet\NightAtTheMuseum.cpp", "C++", 15, 2, 6, 23
"c:\Users\HP\Developement\IOI-Practise\C++_Practise\JuniorSheet\PoliceRecruits.cpp", "C++", 20, 0, 6, 26
"c:\Users\HP\Developement\IOI-Practise\C++_Practise\JuniorSheet\SerejaAndDima.cpp", "C++", 41, 0, 16, 57
"c:\Users\HP\Developement\IOI-Practise\C++_Practise\JuniorSheet\ShassAndOskols.cpp", "C++", 21, 0, 10, 31
"c:\Users\HP\Developement\IOI-Practise\C++_Practise\JuniorSheet\StonesOnTable.cpp", "C++", 13, 0, 8, 21
"c:\Users\HP\Developement\IOI-Practise\C++_Practise\JuniorSheet\StringTask.cpp", "C++", 18, 0, 8, 26
"c:\Users\HP\Developement\IOI-Practise\C++_Practise\JuniorSheet\TeamOlympiad.cpp", "C++", 17, 0, 10, 27
"c:\Users\HP\Developement\IOI-Practise\C++_Practise\JuniorSheet\Word.cpp", "C++", 22, 0, 5, 27
"c:\Users\HP\Developement\IOI-Practise\tes.cpp", "C++", 7, 0, 5, 12
"Total", "-", 516, 5, 209, 730