"filename", "language", "Markdown", "C++", "Python", "comment", "blank", "total"
"c:\Users\HP\Developement\IOI-Practise\C++_Practise\AtCoder\456Exercice.cpp", "C++", 0, 5, 0, 0, 4, 9
"c:\Users\HP\Developement\IOI-Practise\C++_Practise\AtCoder\A-455.cpp", "C++", 0, 21, 0, 0, 8, 29
"c:\Users\HP\Developement\IOI-Practise\C++_Practise\AtCoder\Array.cpp", "C++", 0, 13, 0, 0, 6, 19
"c:\Users\HP\Developement\IOI-Practise\C++_Practise\AtCoder\Arrays.cpp", "C++", 0, 18, 0, 0, 7, 25
"c:\Users\HP\Developement\IOI-Practise\C++_Practise\AtCoder\Dice.cpp", "C++", 0, 10, 0, 0, 3, 13
"c:\Users\HP\Developement\IOI-Practise\C++_Practise\AtCoder\LongSequence.cpp", "C++", 0, 19, 0, 0, 7, 26
"c:\Users\HP\Developement\IOI-Practise\C++_Practise\AtCoder\MissingSurveyTeamDivision.cpp", "C++", 0, 24, 0, 0, 10, 34
"c:\Users\HP\Developement\IOI-Practise\C++_Practise\AtCoder\SpriralGalaxy.cpp", "C++", 0, 9, 0, 0, 8, 17
"c:\Users\HP\Developement\IOI-Practise\C++_Practise\AtCoder\TestScoreDifference.cpp", "C++", 0, 17, 0, 0, 5, 22
"c:\Users\HP\Developement\IOI-Practise\C++_Practise\AtCoder\Vanish.cpp", "C++", 0, 20, 0, 0, 7, 27
"c:\Users\HP\Developement\IOI-Practise\C++_Practise\CSES\BitStrings.cpp", "C++", 0, 22, 0, 0, 8, 30
"c:\Users\HP\Developement\IOI-Practise\C++_Practise\CSES\IncreasingArray.cpp", "C++", 0, 21, 0, 0, 9, 30
"c:\Users\HP\Developement\IOI-Practise\C++_Practise\CSES\MissingNum.cpp", "C++", 0, 18, 0, 0, 5, 23
"c:\Users\HP\Developement\IOI-Practise\C++_Practise\CSES\Permutations.cpp", "C++", 0, 8, 0, 0, 8, 16
"c:\Users\HP\Developement\IOI-Practise\C++_Practise\CSES\Repetitions.cpp", "C++", 0, 18, 0, 0, 6, 24
"c:\Users\HP\Developement\IOI-Practise\C++_Practise\CSES\WeirdAlg.cpp", "C++", 0, 16, 0, 0, 4, 20
"c:\Users\HP\Developement\IOI-Practise\C++_Practise\CircularLocalMinMax.cpp", "C++", 0, 19, 0, 1, 2, 22
"c:\Users\HP\Developement\IOI-Practise\C++_Practise\CodeForces\Candies.cpp", "C++", 0, 17, 0, 0, 7, 24
"c:\Users\HP\Developement\IOI-Practise\C++_Practise\CodeForces\Cashier.cpp", "C++", 0, 7, 0, 0, 8, 15
"c:\Users\HP\Developement\IOI-Practise\C++_Practise\CodeForces\ReverseAnArray.cpp", "C++", 0, 14, 0, 0, 5, 19
"c:\Users\HP\Developement\IOI-Practise\C++_Practise\CodeForces\Round1094_Div1\A.cpp", "C++", 0, 14, 0, 0, 6, 20
"c:\Users\HP\Developement\IOI-Practise\C++_Practise\CodeForces\Round1102_Div2\EuclidSequenceTwoNumbers.cpp", "C++", 0, 32, 0, 0, 11, 43
"c:\Users\HP\Developement\IOI-Practise\C++_Practise\CodeForces\Round1102_Div2\PalindromeTwelveAndTwoTermes.cpp", "C++", 0, 31, 0, 0, 14, 45
"c:\Users\HP\Developement\IOI-Practise\C++_Practise\CodeForces\Round1103_Div3\GamesOnTheTrain.cpp", "C++", 0, 17, 0, 0, 7, 24
"c:\Users\HP\Developement\IOI-Practise\C++_Practise\CodeForces\Round1103_Div3\OmskProgrammers.cpp", "C++", 0, 32, 0, 1, 7, 40
"c:\Users\HP\Developement\IOI-Practise\C++_Practise\CodeForces\Round1103_Div3\TatarTVShow.cpp", "C++", 0, 29, 0, 0, 7, 36
"c:\Users\HP\Developement\IOI-Practise\C++_Practise\CountDups.cpp", "C++", 0, 23, 0, 0, 5, 28
"c:\Users\HP\Developement\IOI-Practise\C++_Practise\CountEvenNumbers.cpp", "C++", 0, 19, 0, 1, 7, 27
"c:\Users\HP\Developement\IOI-Practise\C++_Practise\DistinctNums.cpp", "C++", 0, 14, 0, 0, 7, 21
"c:\Users\HP\Developement\IOI-Practise\C++_Practise\Duels\UnconventionalPairs.cpp", "C++", 0, 20, 0, 15, 7, 42
"c:\Users\HP\Developement\IOI-Practise\C++_Practise\FirstDup.cpp", "C++", 0, 18, 0, 10, 6, 34
"c:\Users\HP\Developement\IOI-Practise\C++_Practise\JuniorSheet\AntonDanik.cpp", "C++", 0, 18, 0, 0, 6, 24
"c:\Users\HP\Developement\IOI-Practise\C++_Practise\JuniorSheet\BearBigBrother.cpp", "C++", 0, 15, 0, 2, 7, 24
"c:\Users\HP\Developement\IOI-Practise\C++_Practise\JuniorSheet\BeautifulMatrix.cpp", "C++", 0, 17, 0, 0, 5, 22
"c:\Users\HP\Developement\IOI-Practise\C++_Practise\JuniorSheet\BlackSquare.cpp", "C++", 0, 16, 0, 2, 11, 29
"c:\Users\HP\Developement\IOI-Practise\C++_Practise\JuniorSheet\BoyGirl.cpp", "C++", 0, 13, 0, 0, 6, 19
"c:\Users\HP\Developement\IOI-Practise\C++_Practise\JuniorSheet\BuyAShovel.cpp", "C++", 0, 13, 0, 0, 7, 20
"c:\Users\HP\Developement\IOI-Practise\C++_Practise\JuniorSheet\ColorfulStones.cpp", "C++", 0, 16, 0, 0, 7, 23
"c:\Users\HP\Developement\IOI-Practise\C++_Practise\JuniorSheet\CypherShifer.cpp", "C++", 0, 9, 0, 0, 3, 12
"c:\Users\HP\Developement\IOI-Practise\C++_Practise\JuniorSheet\DieRoll.cpp", "C++", 0, 10, 0, 0, 8, 18
"c:\Users\HP\Developement\IOI-Practise\C++_Practise\JuniorSheet\FreeIceCream.cpp", "C++", 0, 24, 0, 0, 4, 28
"c:\Users\HP\Developement\IOI-Practise\C++_Practise\JuniorSheet\Games.cpp", "C++", 0, 22, 0, 0, 8, 30
"c:\Users\HP\Developement\IOI-Practise\C++_Practise\JuniorSheet\GravityFlip.cpp", "C++", 0, 17, 0, 0, 9, 26
"c:\Users\HP\Developement\IOI-Practise\C++_Practise\JuniorSheet\HelpfulMaths.cpp", "C++", 0, 22, 0, 0, 7, 29
"c:\Users\HP\Developement\IOI-Practise\C++_Practise\JuniorSheet\Horseshoe.cpp", "C++", 0, 13, 0, 0, 6, 19
"c:\Users\HP\Developement\IOI-Practise\C++_Practise\JuniorSheet\Magnets.cpp", "C++", 0, 18, 0, 0, 8, 26
"c:\Users\HP\Developement\IOI-Practise\C++_Practise\JuniorSheet\NightAtTheMuseum.cpp", "C++", 0, 15, 0, 2, 6, 23
"c:\Users\HP\Developement\IOI-Practise\C++_Practise\JuniorSheet\PetyaAndStrings.cpp", "C++", 0, 12, 0, 0, 5, 17
"c:\Users\HP\Developement\IOI-Practise\C++_Practise\JuniorSheet\PoliceRecruits.cpp", "C++", 0, 20, 0, 0, 6, 26
"c:\Users\HP\Developement\IOI-Practise\C++_Practise\JuniorSheet\SerejaAndDima.cpp", "C++", 0, 41, 0, 0, 16, 57
"c:\Users\HP\Developement\IOI-Practise\C++_Practise\JuniorSheet\ShassAndOskols.cpp", "C++", 0, 21, 0, 0, 10, 31
"c:\Users\HP\Developement\IOI-Practise\C++_Practise\JuniorSheet\StonesOnTable.cpp", "C++", 0, 13, 0, 0, 8, 21
"c:\Users\HP\Developement\IOI-Practise\C++_Practise\JuniorSheet\StringTask.cpp", "C++", 0, 18, 0, 0, 8, 26
"c:\Users\HP\Developement\IOI-Practise\C++_Practise\JuniorSheet\Team.cpp", "C++", 0, 14, 0, 0, 7, 21
"c:\Users\HP\Developement\IOI-Practise\C++_Practise\JuniorSheet\TeamOlympiad.cpp", "C++", 0, 17, 0, 0, 10, 27
"c:\Users\HP\Developement\IOI-Practise\C++_Practise\JuniorSheet\VanyaAndFence.cpp", "C++", 0, 15, 0, 0, 5, 20
"c:\Users\HP\Developement\IOI-Practise\C++_Practise\JuniorSheet\Word.cpp", "C++", 0, 22, 0, 0, 5, 27
"c:\Users\HP\Developement\IOI-Practise\C++_Practise\MaxValue.cpp", "C++", 0, 18, 0, 2, 6, 26
"c:\Users\HP\Developement\IOI-Practise\C++_Practise\ProblemsPlan\BeautifulMatrix.cpp", "C++", 0, 0, 0, 0, 1, 1
"c:\Users\HP\Developement\IOI-Practise\C++_Practise\ProblemsPlan\BeautifulYear.cpp", "C++", 0, 21, 0, 0, 8, 29
"c:\Users\HP\Developement\IOI-Practise\C++_Practise\ProblemsPlan\BoyOrGirl.cpp", "C++", 0, 11, 0, 0, 8, 19
"c:\Users\HP\Developement\IOI-Practise\C++_Practise\ProblemsPlan\BrickWall.cpp", "C++", 0, 12, 0, 0, 6, 18
"c:\Users\HP\Developement\IOI-Practise\C++_Practise\ProblemsPlan\CaisaAndSugar.cpp", "C++", 0, 20, 0, 0, 10, 30
"c:\Users\HP\Developement\IOI-Practise\C++_Practise\ProblemsPlan\CinemaLine.cpp", "C++", 0, 39, 0, 0, 11, 50
"c:\Users\HP\Developement\IOI-Practise\C++_Practise\ProblemsPlan\ColorfulStones.cpp", "C++", 0, 14, 0, 0, 8, 22
"c:\Users\HP\Developement\IOI-Practise\C++_Practise\ProblemsPlan\DominoPiling.cpp", "C++", 0, 10, 0, 0, 7, 17
"c:\Users\HP\Developement\IOI-Practise\C++_Practise\ProblemsPlan\Drinks.cpp", "C++", 0, 16, 0, 0, 10, 26
"c:\Users\HP\Developement\IOI-Practise\C++_Practise\ProblemsPlan\Elections.cpp", "C++", 0, 8, 0, 0, 6, 14
"c:\Users\HP\Developement\IOI-Practise\C++_Practise\ProblemsPlan\FootBall.cpp", "C++", 0, 20, 0, 0, 3, 23
"c:\Users\HP\Developement\IOI-Practise\C++_Practise\ProblemsPlan\GoodArray.cpp", "C++", 0, 13, 0, 0, 8, 21
"c:\Users\HP\Developement\IOI-Practise\C++_Practise\ProblemsPlan\HelpfulMaths.cpp", "C++", 0, 20, 0, 0, 7, 27
"c:\Users\HP\Developement\IOI-Practise\C++_Practise\ProblemsPlan\IWanaBeTheGuy.cpp", "C++", 0, 24, 0, 0, 5, 29
"c:\Users\HP\Developement\IOI-Practise\C++_Practise\ProblemsPlan\NextRound.cpp", "C++", 0, 18, 0, 0, 4, 22
"c:\Users\HP\Developement\IOI-Practise\C++_Practise\ProblemsPlan\RaisingBacteria.cpp", "C++", 0, 17, 0, 0, 10, 27
"c:\Users\HP\Developement\IOI-Practise\C++_Practise\ProblemsPlan\Soccer.cpp", "C++", 0, 19, 0, 0, 8, 27
"c:\Users\HP\Developement\IOI-Practise\C++_Practise\ProblemsPlan\SoldiersAndBananas.cpp", "C++", 0, 13, 0, 2, 6, 21
"c:\Users\HP\Developement\IOI-Practise\C++_Practise\ProblemsPlan\StonesOnTheTable.cpp", "C++", 0, 14, 0, 0, 6, 20
"c:\Users\HP\Developement\IOI-Practise\C++_Practise\ProblemsPlan\Taxi.cpp", "C++", 0, 45, 0, 24, 17, 86
"c:\Users\HP\Developement\IOI-Practise\C++_Practise\ProblemsPlan\Team.cpp", "C++", 0, 24, 0, 0, 4, 28
"c:\Users\HP\Developement\IOI-Practise\C++_Practise\ProblemsPlan\TheatreSquare.cpp", "C++", 0, 13, 0, 0, 13, 26
"c:\Users\HP\Developement\IOI-Practise\C++_Practise\ProblemsPlan\VaniaAndCubes.cpp", "C++", 0, 15, 0, 0, 5, 20
"c:\Users\HP\Developement\IOI-Practise\C++_Practise\ProblemsPlan\WaterMelon.cpp", "C++", 0, 15, 0, 0, 4, 19
"c:\Users\HP\Developement\IOI-Practise\C++_Practise\ProblemsPlan\WordCapitalisation.cpp", "C++", 0, 10, 0, 0, 7, 17
"c:\Users\HP\Developement\IOI-Practise\C++_Practise\ProblemsPlan\YoungPhysicist.cpp", "C++", 0, 21, 0, 1, 14, 36
"c:\Users\HP\Developement\IOI-Practise\C++_Practise\SumOfArray.cpp", "C++", 0, 17, 0, 0, 7, 24
"c:\Users\HP\Developement\IOI-Practise\C++_Practise\USACO\PromotionCounting.cpp", "C++", 0, 17, 0, 8, 5, 30
"c:\Users\HP\Developement\IOI-Practise\C++_Practise\USACO\Teleportation.cpp", "C++", 0, 17, 0, 8, 5, 30
"c:\Users\HP\Developement\IOI-Practise\C++_Practise\USACO\Template.cpp", "C++", 0, 12, 0, 8, 2, 22
"c:\Users\HP\Developement\IOI-Practise\C++_Practise\USACO\dykABC.cpp", "C++", 0, 20, 0, 8, 7, 35
"c:\Users\HP\Developement\IOI-Practise\C++_Practise\Vplanet\BarkToUnlock.cpp", "C++", 0, 29, 0, 0, 13, 42
"c:\Users\HP\Developement\IOI-Practise\C++_Practise\Vplanet\FafaAndGates.cpp", "C++", 0, 33, 0, 8, 15, 56
"c:\Users\HP\Developement\IOI-Practise\C++_Practise\Vplanet\KeyRaces.cpp", "C++", 0, 23, 0, 0, 11, 34
"c:\Users\HP\Developement\IOI-Practise\C++_Practise\Vplanet\RaceAgainstTime.cpp", "C++", 0, 29, 0, 4, 13, 46
"c:\Users\HP\Developement\IOI-Practise\C++_Practise\Vplanet\compileerror.cpp", "C++", 0, 1, 0, 0, 0, 1
"c:\Users\HP\Developement\IOI-Practise\C++_Practise\conains-duplicate.cpp", "C++", 0, 20, 0, 13, 9, 42
"c:\Users\HP\Developement\IOI-Practise\C++_Practise\frequencyrank.cpp", "C++", 0, 22, 0, 10, 11, 43
"c:\Users\HP\Developement\IOI-Practise\C++_Practise\uniquecounter.cpp", "C++", 0, 16, 0, 6, 6, 28
"c:\Users\HP\Developement\IOI-Practise\LeetcodeCourse\contains-duplicate.py", "Python", 0, 0, 7, 4, 6, 17
"c:\Users\HP\Developement\IOI-Practise\README.md", "Markdown", 3, 0, 0, 0, 1, 4
"c:\Users\HP\Developement\IOI-Practise\tes.cpp", "C++", 0, 7, 0, 0, 5, 12
"Total", "-", 3, 1749, 7, 140, 717, 2616